task_id,title,task_type,priority,status,classification,created_at,started_at,completed_at,eta_date,deadline,comment_count,first_comment,last_comment,classification_reason,description_excerpt
3,Login for Member Pricing - Label Position,UI Change,Medium,Completed,COMPLETED,2026-03-12 00:00:00,2026-03-13 00:00:00,2026-03-15 17:00:00,,2026-03-15 17:00:00,0,,,,"[BUG-001 · Product Listing & Card]  ""Login for member pricing"" label needs repositioning to bottom of product card on PDP.  Current: Label appears in middle/upper area of card."
4,Product Card SKU Display,UI Change,Low,Completed,COMPLETED,2026-03-12 00:00:00,2026-03-13 00:00:00,2026-03-15 17:00:00,,2026-03-15 17:00:00,0,,,,"[BUG-002 · Product Listing & Card]  SKU needs to be highlighted/styled differently on PDP.  Current: SKU ""P48A-CCCC"" not prominently displayed."
5,Add to Cart Button - Price Section,UI Change,Medium,Completed,COMPLETED,2026-03-12 00:00:00,2026-03-13 00:00:00,2026-03-15 17:00:00,,2026-03-15 17:00:00,0,,,,"[BUG-003 · Product Listing & Card]  ""Add to Cart"" button should be moved to the price box area on PDP.  Current: Button positioned separately from price."
6,Category Filter Checkmarks Not Updating Product Grid,UI Change,High,Completed,COMPLETED,2026-03-15 00:00:00,2026-03-16 00:00:00,2026-03-18 17:00:00,,2026-03-18 17:00:00,0,,,,[BUG-004 · Navigation & Filtering]  Category filter checkmarks on L2 pages do not update the product grid.  Current: Selecting filter checkboxes does not filter products; no visual feedback; no clear-
7,Search Results - Brand Filter Goes to 404,UI Change,High,Completed,COMPLETED,2026-03-15 00:00:00,2026-03-16 00:00:00,2026-03-18 17:00:00,,2026-03-18 17:00:00,0,,,,"[BUG-005 · Navigation & Filtering]  Brand filter links in search results redirect to 404. AUDIT: NOT A BUG — uses client-side filtering, no URL navigation.  Current: Brand filter links broken; URLs us"
8,Food Preparation - Filter Buttons Directing to Wrong Collections,UI Change,High,Completed,COMPLETED,2026-03-15 00:00:00,2026-03-16 00:00:00,2026-03-18 17:00:00,,2026-03-18 17:00:00,0,,,,[BUG-006 · Navigation & Filtering]  5 filter buttons direct to wrong collections when accessed via breadcrumb.  Current: Buttons work from main menu but fail from breadcrumb path.
9,Cooking Equipment - Filters Not Working,UI Change,High,Completed,COMPLETED,2026-03-15 00:00:00,2026-03-16 00:00:00,2026-03-18 17:00:00,,2026-03-18 17:00:00,0,,,,[BUG-007 · Navigation & Filtering]  Filter buttons not working on Indian Specialty >> Cooking Equipment.  Current: Steam Cooking Equipment and Commercial Toasters filters non-functional.
10,Filter Panel - Brand and Product Type Position,UI Change,Medium,Completed,COMPLETED,2026-03-15 00:00:00,2026-03-16 00:00:00,2026-03-18 17:00:00,,2026-03-18 17:00:00,0,,,,[BUG-008 · Navigation & Filtering]  Brand and Product Type filters should be at top of filter panel on all product listing pages.  Current: Positioned lower in filter hierarchy.
11,Hero Section - Second Slide Position,UI Change,Low,Completed,COMPLETED,2026-03-17 00:00:00,2026-03-18 00:00:00,2026-03-20 17:00:00,,2026-03-20 17:00:00,0,,,,[BUG-009 · Hero Section & Slider]  Reorder homepage hero: current 2nd slide becomes 1st.  Current: Slide order incorrect.
12,Hero Section - Shop Equipment Button Link,UI Change,Medium,Completed,COMPLETED,2026-03-17 00:00:00,2026-03-18 00:00:00,2026-03-20 17:00:00,,2026-03-20 17:00:00,0,,,,[BUG-010 · Hero Section & Slider]  Shop Equipment button on 2nd slide should link to Restaurant Equipment main category.  Current: Incorrect link destination (/collections/all).
13,Rolling Banner - Remove,UI Change,High,Completed,COMPLETED,2026-03-17 00:00:00,2026-03-18 00:00:00,2026-03-20 17:00:00,,2026-03-20 17:00:00,0,,,,[BUG-011 · Hero Section & Slider]  Client does not like the top rolling announcement banner.  Current: Rolling banner present at top.
14,Contact Form - Form Type Dropdown,Bug,Medium,Completed,COMPLETED,2026-03-19 00:00:00,2026-03-20 00:00:00,2026-03-22 17:00:00,,2026-03-22 17:00:00,0,,,,[BUG-012 · Form & Contact]  Select Form Type dropdown should be changed to buttons on contact page.  Current: Dropdown menu for form selection.
15,Contact Form - File Upload Section,Bug,Medium,Completed,COMPLETED,2026-03-19 00:00:00,2026-03-20 00:00:00,2026-03-22 17:00:00,,2026-03-22 17:00:00,0,,,,[BUG-013 · Form & Contact]  Add file-upload capability to Request-a-Quote form.  Current: No file upload capability.
16,Contact Section - Positioning,Bug,Low,Completed,COMPLETED,2026-03-19 00:00:00,2026-03-20 00:00:00,2026-03-22 17:00:00,,2026-03-22 17:00:00,0,,,,"[BUG-014 · Form & Contact]  Move contact forms up; make section narrower (or move under header).  Current: Forms positioned too low, section too wide."
17,Help Box - Create Resource Pages and Add Links,Bug,High,Completed,COMPLETED,2026-03-23 00:00:00,2026-03-24 00:00:00,2026-03-26 17:00:00,,2026-03-26 17:00:00,0,,,,"[BUG-015 · Form & Contact]  Create three new resource pages and link them in Help Box: Product Videos, FAQ, Installation Service.  Current: Buttons exist but pages not created."
18,Cart Page - Continue Shopping Button,Bug,Medium,Completed,COMPLETED,2026-03-23 00:00:00,2026-03-24 00:00:00,2026-03-26 17:00:00,,2026-03-26 17:00:00,0,,,,"[BUG-016 · Cart & Checkout]  Continue Shopping button should return to original browsing page, not a default.  Current: Button always links to /collections/all."
19,Sidebar Cart - Product List Display Optimization,Bug,High,Completed,COMPLETED,2026-03-23 00:00:00,2026-03-24 00:00:00,2026-03-26 17:00:00,,2026-03-26 17:00:00,0,,,,[BUG-017 · Cart & Checkout]  Optimize cart sidebar so more items are visible before scrolling; move notes out.  Current: Large product display taking up space; notes in sidebar.
20,Cart Template Preview Issue,Bug,High,Completed,COMPLETED,2026-03-23 00:00:00,2026-03-24 00:00:00,2026-03-26 17:00:00,,2026-03-26 17:00:00,0,,,,[BUG-018 · Cart & Checkout]  Custom cart theme not displaying correctly in preview mode.  Current: Cart is rendered using live theme when previewing unpublished theme.
21,Indian Specialty Category - Page Layout Different,UI Change,Medium,Completed,COMPLETED,2026-03-25 00:00:00,2026-03-26 00:00:00,2026-03-28 17:00:00,,2026-03-28 17:00:00,0,,,,[BUG-019 · Category & Collection]  Indian Specialty - Cooking Equipment layout does not match other category pages.  Current: Different layout/styling.
22,Parent Collection - Product Count Display,UI Change,High,Completed,COMPLETED,2026-03-25 00:00:00,2026-03-26 00:00:00,2026-03-28 17:00:00,,2026-03-28 17:00:00,0,,,,[BUG-020 · Category & Collection]  Parent collection shows 0 products; must aggregate from child collections.  Current: Shows 0 products on parent page.
23,Restaurant Equipment Main Category - Missing Image,UI Change,Low,Completed,COMPLETED,2026-03-25 00:00:00,2026-03-26 00:00:00,2026-03-28 17:00:00,,2026-03-28 17:00:00,0,,,,[BUG-021 · Category & Collection]  Indian Specialty subcategory shows a placeholder icon instead of image.  Current: Generic box icon placeholder.
24,Breadcrumb Navigation - Repeated Path,UI Change,High,Completed,COMPLETED,2026-03-25 00:00:00,2026-03-26 00:00:00,2026-03-28 17:00:00,,2026-03-28 17:00:00,0,,,,[BUG-022 · Category & Collection]  Breadcrumb repeats Indian Specialty multiple times.  Current: Home > Indian Specialty > Indian Specialty > Indian Specialty.
25,Smallwares Navigation Path Issue,UI Change,Medium,Completed,COMPLETED,2026-03-25 00:00:00,2026-03-26 00:00:00,2026-03-28 17:00:00,,2026-03-28 17:00:00,0,,,,[BUG-023 · Category & Collection]  Smallwares > Cookware > Indian Specialty - Cookware path is wrong.  Current: Incorrect category path/hierarchy.
26,Search Results - Theme Inconsistency,Bug,Medium,Completed,COMPLETED,2026-03-23 00:00:00,2026-03-24 00:00:00,2026-03-26 17:00:00,,2026-03-26 17:00:00,0,,,,[BUG-024 · Search]  Search results theme differs from category pages.  Current: Inconsistent styling; View All redirects to main category.
27,Mini Cart View Cart button not navigating,Bug,High,Completed,COMPLETED,2026-04-01 00:00:00,2026-04-02 00:00:00,2026-04-04 17:00:00,,2026-04-04 17:00:00,0,,,,[BUG-025 · Cart]  View Cart button in mini cart toast not redirecting to /cart.  Current: Button click does nothing.
28,Indian products showing member pricing when logged out,Bug,High,Completed,COMPLETED,2026-04-01 00:00:00,2026-04-02 00:00:00,2026-04-04 17:00:00,,2026-04-04 17:00:00,0,,,,[BUG-026 · Pricing]  Indian products display member pricing to non-members.  Current: Shows member price to everyone.
29,USA products showing Login for Member Pricing incorrectly,Bug,High,Completed,COMPLETED,2026-04-01 00:00:00,2026-04-02 00:00:00,2026-04-04 17:00:00,,2026-04-04 17:00:00,0,,,,[BUG-027 · Pricing]  Non-CF products showing login prompt for member pricing.  Current: Shows login prompt on all products.
30,Search Sort By and View Toggle not working,Bug,Medium,Completed,COMPLETED,2026-04-01 00:00:00,2026-04-02 00:00:00,2026-04-04 17:00:00,,2026-04-04 17:00:00,0,,,,[BUG-028 · Search]  Sorting and view toggle buttons non-functional on search results.  Current: Buttons do nothing.
31,Search results theme not matching L3 collection page,UI Change,Medium,Completed,COMPLETED,2026-04-01 00:00:00,2026-04-02 00:00:00,2026-04-04 17:00:00,,2026-04-04 17:00:00,0,,,,[BUG-029 · Design]  Product cards on search have different styling than L3.  Current: Different card design.
32,Promotional elements visible to logged-in members,Bug,Medium,Completed,COMPLETED,2026-04-01 00:00:00,2026-04-02 00:00:00,2026-04-04 17:00:00,,2026-04-04 17:00:00,0,,,,[BUG-030 · Pricing]  Login for Member Pricing shown to already-logged-in members.  Current: Shows login prompt to members.
33,Regular price missing strikethrough when member price shown,Bug,Low,Completed,COMPLETED,2026-04-01 00:00:00,2026-04-02 00:00:00,2026-04-04 17:00:00,,2026-04-04 17:00:00,0,,,,[BUG-031 · Pricing]  Compare price not styled with strikethrough.  Current: No strikethrough on regular price.
34,Product page Add to Cart not showing toast notification,Bug,Medium,Completed,COMPLETED,2026-04-01 00:00:00,2026-04-02 00:00:00,2026-04-04 17:00:00,,2026-04-04 17:00:00,0,,,,[BUG-032 · Cart]  No feedback when adding to cart from PDP.  Current: No visual feedback.
35,Topbar not visible,UI Change,Low,Completed,COMPLETED,2026-04-01 00:00:00,2026-04-02 00:00:00,2026-04-04 17:00:00,,2026-04-04 17:00:00,0,,,,[BUG-033 · Header]  Top announcement bar not showing in header.  Current: Topbar hidden.
36,Cart drawer exit animation abrupt,Bug,Low,Completed,COMPLETED,2026-04-01 00:00:00,2026-04-02 00:00:00,2026-04-04 17:00:00,,2026-04-04 17:00:00,0,,,,[BUG-034 · Cart]  Cart drawer closes without smooth animation.  Current: Abrupt close.
37,Product Variant Price Not Updating,Bug,High,Completed,COMPLETED,2026-04-05 00:00:00,2026-04-06 00:00:00,2026-04-08 17:00:00,,2026-04-08 17:00:00,0,,,,"[BUG-035 · Product Page]  Variant price not updating on PDP.  Current: JS targets .price-main, HTML uses .price-card-amount."
38,Duplicate Menu Items in Need Help Section,Bug,Medium,Completed,COMPLETED,2026-04-05 00:00:00,2026-04-06 00:00:00,2026-04-08 17:00:00,,2026-04-08 17:00:00,0,,,,[BUG-036 · Product Page]  Need Help section shows duplicate links.  Current: Both hardcoded and dynamic links render.
39,Subcategory Limit of 10 Showing,Bug,High,Completed,COMPLETED,2026-04-05 00:00:00,2026-04-06 00:00:00,2026-04-08 17:00:00,,2026-04-08 17:00:00,0,,,,[BUG-037 · Collection]  Only 10 subcategories show on L2 collection pages.  Current: Hardcoded limit of 10 in forloop.
40,Wishlist Access Missing,UI Change,Medium,Completed,COMPLETED,2026-04-05 00:00:00,2026-04-06 00:00:00,2026-04-08 17:00:00,,2026-04-08 17:00:00,0,,,,[BUG-038 · Header]  No wishlist link in header navigation.  Current: Wishlist icon/link not present.
41,Price Range Filter Cropped on Search Results,Bug,High,Completed,COMPLETED,2026-04-05 00:00:00,2026-04-06 00:00:00,2026-04-08 17:00:00,,2026-04-08 17:00:00,0,,,,[BUG-039 · Search]  Price filter clipped in sidebar.  Current: max-height + overflow clip the filter.
42,Subcategory Labels Inconsistent with Menu Labels,Bug,Low,Completed,COMPLETED,2026-04-05 00:00:00,2026-04-06 00:00:00,2026-04-08 17:00:00,,2026-04-08 17:00:00,0,,,,"[BUG-040 · Collection]  Subcategory tabs show raw collection titles instead of clean labels.  Current: Prefixes like ""New Theme -"" visible."
43,Hero Slider Pagination Dots Wrong Position,UI Change,Medium,Completed,COMPLETED,2026-04-05 00:00:00,2026-04-06 00:00:00,2026-04-08 17:00:00,,2026-04-08 17:00:00,0,,,,[BUG-041 · Hero Banner]  Carousel dots outside image instead of over it.  Current: Dots positioned below content.
44,Mega Menu Promo Text Shows Raw Liquid Code,UI Change,Medium,Completed,COMPLETED,2026-04-05 00:00:00,2026-04-06 00:00:00,2026-04-08 17:00:00,,2026-04-08 17:00:00,0,,,,[BUG-042 · Header]  Mega menu displays raw Liquid code.  Current: {{ section.settings.member_promo_megamenu_text }} visible.
45,Default to Request a Quote Tab via URL,Feature,Medium,Completed,COMPLETED,2026-04-05 00:00:00,2026-04-06 00:00:00,2026-04-08 17:00:00,,2026-04-08 17:00:00,0,,,,[IMP-001 · Contact Page]  Allow URL parameter to pre-select quote form tab (?tab=quote).  Current: Always defaults to General Inquiry.
46,Pre-populate Quote Form for Logged-in Users,Feature,Medium,Completed,COMPLETED,2026-04-05 00:00:00,2026-04-06 00:00:00,2026-04-08 17:00:00,,2026-04-08 17:00:00,0,,,,[IMP-002 · Contact Page]  Auto-fill form fields with customer data.  Current: Form fields empty for logged-in users.
47,Add Variations Badge to Product Cards,Feature,Medium,Completed,COMPLETED,2026-04-05 00:00:00,2026-04-06 00:00:00,2026-04-08 17:00:00,,2026-04-08 17:00:00,0,,,,[IMP-003 · Product Cards]  Show number of variants on product cards.  Current: No indication of variant count.
48,Connect Hexagon Brand Logos to Vendor Pages,Feature,Medium,Completed,COMPLETED,2026-04-05 00:00:00,2026-04-06 00:00:00,2026-04-08 17:00:00,,2026-04-08 17:00:00,0,,,,[IMP-004 · Homepage]  Brand logos in hexagon grid had no links.  Current: All brand link fields empty.
49,Portal replication (new portal structure),Feature,High,Completed,COMPLETED,2026-03-26 09:00:00,,2026-04-23 18:33:13,,,3,2026-04-15 15:49:15,2026-04-17 18:32:57,,New feature set introduced Mar 26: Portal replication with updated structure.  Requested via Jielin timeline message (2026-04-15).
50,Resources structure update,Feature,Medium,Completed,COMPLETED,2026-03-26 09:00:00,,2026-04-23 18:35:13,,,3,2026-04-15 15:49:15,2026-04-16 19:51:24,,Resources section restructure requested alongside portal work.  Requested via Jielin timeline message (2026-04-15).
51,SPP — Unhide recommendation sections (Other Products from this line / You may also like),UI Change,High,Completed,COMPLETED,2026-03-26 09:00:00,,2026-05-08 16:48:54,,,6,2026-04-15 15:49:15,2026-05-05 16:45:06,,UI updates plus recommendation logic changes requested as part of Mar 26 feature set.  Requested via Jielin timeline message (2026-04-15).
52,Portal setup & structure changes (WIP),Feature,High,Completed,COMPLETED,2026-03-30 09:00:00,,2026-04-23 18:35:24,,,3,2026-04-15 15:49:15,2026-04-17 18:33:37,,Work in progress across Mar 30–31 on portal setup and related structural updates.  Requested via Jielin timeline message (2026-04-15).
53,Inventory status feature,Feature,High,Completed,COMPLETED,2026-04-02 09:00:00,,2026-04-20 19:56:42,,,5,2026-04-15 15:47:55,2026-04-20 20:10:48,,New feature to surface inventory status on product pages (logic still under refinement).  Requested via Jielin timeline message (2026-04-15).
54,Journey page UI refinement,UI Change,Medium,Pending,WAITING_FOR_CLIENT,2026-04-02 09:00:00,,2026-07-27 15:57:54,,,7,2026-04-15 15:47:55,2026-07-27 18:45:43,"Client asked ""where will this page be embedded?"" + sent improvement attachments on Jul 27 — no Hiraya reply recorded","Journey page layout — tighter spacing, more compact layout.  Requested via Jielin timeline message (2026-04-15)."
55,Mini cart feature,Feature,High,Completed,COMPLETED,2026-04-04 09:00:00,,2026-04-23 18:28:38,,,3,2026-04-15 15:49:15,2026-04-21 18:54:40,,Mini cart enhancement request — compact cart interaction.  Requested via Jielin timeline message (2026-04-15).
56,Product logic — zero-price handling & card notes,Feature,Medium,Completed,COMPLETED,2026-04-04 09:00:00,,2026-04-21 19:27:46,,,3,2026-04-15 15:49:15,2026-04-21 19:27:46,,0-price product handling plus notes inside product cards.  Requested via Jielin timeline message (2026-04-15).
57,Outbound customer notifications: improve the default Shopify templates,Feature,Medium,Completed,COMPLETED,2026-04-09 09:00:00,,2026-05-21 22:05:42,,,5,2026-04-15 15:49:15,2026-05-21 21:51:04,,Path: Shopify Admin Settings >> Notifications >> Customer notifications  https://admin.shopify.com/store/celebratefestivalinc/settings/notifications/customer
58,work_with_products limit + mobile UI issue,Bug,High,Completed,COMPLETED,2026-04-10 09:00:00,,2026-04-23 18:37:41,,,4,2026-04-15 15:49:15,2026-04-23 18:37:10,,"Works With Products section on mobile SPP shows as horizontal scrolling carousel instead of vertical list. When many products are added via the works_with_products metafield, the horizontal layout ove"
59,call-to-order tag issue,Bug,High,Completed,COMPLETED,2026-04-10 09:00:00,,2026-04-23 18:38:17,,,4,2026-04-15 15:49:15,2026-04-20 19:14:44,,"call-to-order tag affecting product/variant behavior incorrectly. Specifically: on products tagged call-to-order, product images and variant selectors stop responding (clicks have no effect). After re"
60,Load More instead of pagination (CPH / Hashtag portal),Feature,Medium,Completed,COMPLETED,2026-04-11 09:00:00,,2026-05-05 17:59:34,,,5,2026-04-15 15:49:15,2026-05-02 07:51:36,,Replace paginated navigation with Load More pattern on CPH / Hashtag portal.  Requested via Jielin timeline message (2026-04-15).
61,SEO — pricing in Google search results,Feature,Medium,Completed,COMPLETED,2026-04-11 09:00:00,,2026-04-23 18:39:56,,,2,2026-04-15 15:47:55,2026-04-17 18:36:16,,Expose product pricing in Google search results via structured data / Merchant listings.  Requested via Jielin timeline message (2026-04-15).
64,SPP other_resources metafield — wrong filename + broken links,Bug,High,Completed,COMPLETED,2026-04-15 16:46:47,,2026-04-23 18:41:18,,,3,2026-04-15 16:47:13,2026-04-20 20:45:46,,"In the Resources & Documents accordion on the SPP, files added via the other_resources metafield (list.file_reference) display as ""GenericFileDrop"" instead of their actual filename, and clicking them "
65,Estimate Shipping — sidebar cart modal,Feature,Medium,Completed,COMPLETED,2026-04-15 16:48:31,,2026-05-02 09:44:53,2026-04-29,2026-04-29,6,2026-04-16 17:44:45,2026-05-18 11:55:51,,"Client wants an Estimate Shipping feature inside the sidebar/drawer cart. Needs full planning and research before implementation can begin.  Scope as described: - A button labelled ""Estimate Shipping"""
68,AI chatbot page — messages not scrollable when chat gets long,Bug,High,Completed,COMPLETED,2026-04-15 18:37:20,,2026-04-23 18:48:51,,,0,,,,"On the AI Kitchen Consultant page (/pages/ai-kitchen-consultant), when the conversation grows long the chat messages overflow out of the viewport with no scroll. User cannot read earlier messages.  Ro"
69,"Chatbot — messages overflow and push page, no inner scroll",Bug,High,Completed,COMPLETED,2026-04-15 19:07:35,,2026-04-23 18:49:31,,,1,2026-04-15 19:34:18,2026-04-15 19:34:18,,"On the Celebrate Festival site chatbot widget: as the conversation grows, the message list does NOT scroll inside the chat card. Instead the earlier messages push the top bar up and the whole chat box"
70,Image Icon categories section 04/16,Feature,Medium,Completed,COMPLETED,2026-04-16 20:54:09,,2026-05-06 00:08:26,,,2,2026-05-02 09:08:00,2026-05-02 09:31:48,,We have Icon categories already in the L2 page as shown attached. Need to add similar section in the main page under trusted brands section.
71,Snapshot/thumbnail for pdf files 04/16,Feature,Medium,Completed,COMPLETED,2026-04-16 20:58:21,,2026-05-21 00:13:07,,,11,2026-05-02 09:01:08,2026-05-18 13:52:15,,"For files in the Resources section, show the snapshot of the pdf instead of only the doc name."
72,Image zoom effect & pic size,UI Change,Medium,Completed,COMPLETED,2026-04-16 21:03:09,,2026-05-14 16:48:52,,,7,2026-04-18 19:17:22,2026-05-14 14:35:11,,"The current Zoom in effect goes too big, not help end customer to view. Also, can the product pictures size fits the image box? not leaving too much blank in both sides"
73,Certifications metafields like drop down menu,Feature,Low,Completed,COMPLETED,2026-04-16 21:04:14,,2026-05-11 20:08:06,,,2,2026-05-02 08:52:08,2026-05-11 20:08:01,,This metafields is using JSON format. Need to change to drop down menu
74,Online Traffic Analytics Reports,Feature,Medium,Completed,COMPLETED,2026-04-16 21:17:11,,2026-04-21 19:27:46,,,2,2026-05-01 21:37:27,2026-05-02 07:31:08,,This is a reminder of monthly reports on: 1. SEO performance 2. Social media presence 3. UX
75,L3 category not shows products properly 04/17,Bug,High,Completed,COMPLETED,2026-04-17 20:59:53,,2026-05-01 16:15:18,,,4,2026-04-17 21:00:52,2026-05-01 14:55:06,,"1. Was checking Indian Specialty products for emailer use, noticed that Kitchen Utensils subcategories are not showing all products. 2. if hit back to the previous path, it direct to bad page.  Check "
76,Inventory status feature - 2nd iteration 04/20,Feature,High,Pending,ACTIVE_PRIORITY,2026-04-20 20:30:55,,2026-05-25 14:41:22,2026-05-11,2026-05-11,13,2026-05-02 11:24:21,2026-08-04 22:47:20,High priority; ETA was 2026-05-11 (93 days overdue); last comment Aug 4 2026; vendor-based out-of-stock logic involves multiple vendors,"For those out-of-stock products, needs to differentiate Indian products vs USA products with different text.  1. No changes needed for USA products.  2. For Indian products/variants, if out-of-stock, "
77,Mobile side:,UI Change,High,Completed,COMPLETED,2026-04-20 20:53:16,,2026-04-21 19:26:08,,,9,2026-04-21 18:02:15,2026-04-24 17:13:19,,Product Page on mobile: work_with_products & Description section break the phone page width
78,LinkedIn Insight Tag — Sitewide Installation,Feature,Medium,Completed,COMPLETED,2026-04-21 14:19:34,,,,,0,,,,Install the LinkedIn Insight Tag globally in theme.liquid above </body> so it fires on every page for audience tracking and retargeting.\n\nPartner ID: 9205612
79,LinkedIn Conversion Tracking — Button Click Events,Feature,Medium,Completed,COMPLETED,2026-04-21 14:19:34,,2026-04-21 19:31:46,,,1,2026-04-21 19:31:46,2026-04-21 19:31:46,,"Add LinkedIn conversion tracking event to specific button or form submission elements so Jielin can track button clicks in LinkedIn Campaign Manager.\n\nCode to fire on click:\nwindow.lintrk('track', "
80,Contact Us page - Technical Support submission not going into our inbox 04/21,Bug,Low,Completed,COMPLETED,2026-04-21 21:02:10,,2026-05-05 17:58:16,,,6,2026-05-01 16:00:44,2026-05-05 17:58:12,,Only the Technical Support submission not going into our inbox as I tested multiple times. Other forms are good. 
81,Inbound form submissions,Feature,Medium,Completed,COMPLETED,2026-04-23 16:33:25,,2026-05-11 17:20:15,,,8,2026-05-01 16:00:44,2026-05-13 20:41:16,,"Currently all inquiries (support, general, financing) are being sent as plain text emails. We’ve installed Shopify Forms app to store submissions, and need to align on finalizing this setup.  APP link"
82,Resources page content populate,Feature,Low,Completed,COMPLETED,2026-04-23 18:35:06,,2026-05-06 00:10:46,,,2,2026-05-01 15:22:19,2026-05-02 07:42:28,,"Now that this page structure is in place, need to create related content/posts."
83,Brands Hexagon & all brands page: new brands adding,UI Change,High,Completed,COMPLETED,2026-05-01 21:15:25,,2026-08-06 17:48:43,,,13,2026-05-02 08:09:35,2026-08-04 22:49:25,,With more new vendors added to our Shopify: 1. Hexagon section: need to redesign/compact to include more logos  2. All brands page: can new vendor logos be visible automatically after new vendor-logo-
84,Change Icon of Indian Specialty in the main menu bar,Feature,Medium,Completed,COMPLETED,2026-05-01 21:18:03,,2026-05-05 16:26:50,,,0,,,,"Rupesh changed this icon long time ago, it was overwritten. "
85,"In Sale Section, 0 price products are hidden",Bug,Low,Completed,COMPLETED,2026-05-01 22:04:42,,2026-06-01 18:30:46,,,3,2026-05-02 07:58:31,2026-05-06 00:27:13,,"Please check this collection (name in Shopify: New Theme -Sale Collection, and link pasted below). The first product Lincoln oven (SKU 1400‐FB2G) is 0 priced and it's hidden in the storefront.  https:"
86,Order Status page showing backend codes,Bug,Medium,Completed,COMPLETED,2026-05-04 21:26:10,,2026-05-06 00:21:49,,,1,2026-05-05 17:02:49,2026-05-05 17:02:49,,order status page link:  https://celebratefestivalinc.com/56234836013/orders/a831c1bb10f26fb58e3ef485fc8553da  Need to hide those codes.
87,Display actual color swatches for variants,UI Change,Medium,Completed,COMPLETED,2026-05-06 18:33:12,,2026-06-02 17:06:56,,,5,2026-05-08 19:31:27,2026-06-01 19:02:25,,"Please help us evaluate this request: to display actual color swatches, instead of just text names on storefront. The variants color options and metafields are connected on Shopify. Check attachments."
88,Update tandoor image in the Hero Slider,Bug,High,Completed,COMPLETED,2026-05-11 20:14:03,,2026-05-20 23:09:02,,,2,2026-05-18 12:09:15,2026-05-18 13:46:43,,
89,Our Trusted Restaurant Partners - new section in main page & a new partners page,Feature,High,Pending,WAITING_FOR_CLIENT,2026-05-11 22:12:19,,,2026-06-01,,2,2026-05-18 13:50:44,2026-07-07 22:33:48,ETA was 2026-06-01 (72 days overdue); client last asked about it Jul 7; interactive map + partner logos needed,Rupesh asks for a new section in main page and its own separate partners page to present the chain restaurants we have business with. We want to have: 1.⁠ ⁠The Map marked with our business presence. (
90,"Repeated ""Free Shipping"" Lable in SPP",Bug,Low,Completed,COMPLETED,2026-05-13 16:18:50,,2026-07-07 22:15:53,,,1,2026-06-17 16:09:01,2026-06-17 16:09:01,,
91,Financing Button directs to 404 page,Bug,Medium,Completed,COMPLETED,2026-05-13 16:35:23,,2026-05-20 23:08:14,,,1,2026-05-18 14:09:27,2026-05-18 14:09:27,,Financing Button at top right in main page directs to 404 page. 
92,Track Order button update landing page,UI Change,Low,Completed,COMPLETED,2026-05-13 16:50:50,,2026-05-25 14:41:22,,,6,2026-05-25 14:41:22,2026-06-01 19:02:25,,Please link the Track Order button to the Orders page as shown attached.
93,Track Order button update landing page,UI Change,Low,Completed,COMPLETED,2026-05-13 16:50:52,,2026-05-13 17:00:43,,,1,2026-05-13 17:00:39,2026-05-13 17:00:39,,Please link the Track Order button to the Orders page as shown attached.
94,Use Case image remove emoji,UI Change,Medium,Completed,COMPLETED,2026-05-13 19:02:09,,2026-05-21 18:58:52,,,0,,,,
95,Use Case section new pages,Feature,High,Completed,COMPLETED,2026-05-13 20:06:21,,2026-05-26 14:54:49,,,4,2026-05-26 14:54:49,2026-05-28 00:19:12,,"This Feature development is high priority. Rupesh expect it by the end of this month.  We need to create 2 Use Case pages as shown attached. 1. One page is for after clicking the ""View More Use Cases"""
96,Outbound customer notifications: Order confirmation,Feature,High,Completed,COMPLETED,2026-05-21 22:26:39,,2026-08-03 22:37:54,,,5,2026-07-07 22:34:46,2026-07-31 17:42:28,,"Please check the preview email of Order confirmation template. Changes we want: 1. Fix the issue of broken CFI logo 2. Don't use emoji 3. Move up ""DELIVERY & PAYMENT"" in our new template up before ite"
97,Outbound customer notifications: Shipping confirmation,Feature,Medium,Completed,COMPLETED,2026-05-21 22:49:40,,2026-07-28 22:03:00,,,3,2026-07-07 22:35:01,2026-07-27 19:14:30,,"Please check the preview email of Shipping confirmation template and also our current template. Changes we want: 1. Fix the issue of broken CFI logo 2. Don't use emoji 3. Move up ""SHIPPING TO"" section"
98,WSH updated integration with Price Box,Feature,Medium,Pending,ACTIVE_PRIORITY,2026-05-27 18:32:44,,,,,1,2026-07-07 22:35:22,2026-07-07 22:35:22,WSH Volume Discount integration broke Price Box UI (May 27); client provided clear requirements; no Hiraya action evident in git since filed; 77 days open,"We're implementing WSH new feature ""Volume discount"" which requires the new integration. The WSH team completed theme is ""Celebrate-festival-PT - preWPD -- WPD_BDR"".  The update integration broke the "
99,Add SGS Certificate into Metafields >> Product Certificates (JSON format),Feature,High,Completed,COMPLETED,2026-06-03 23:13:10,,2026-06-04 16:38:01,,,1,2026-06-04 10:44:32,2026-06-04 10:44:32,,Need to configure the SGS certificate into Product Certificates metafields. Check the SGS icon in attachment.  This is metafields link https://admin.shopify.com/store/celebratefestivalinc/settings/cus
100,Free Shipping Badge on Category Page,UI Change,High,Completed,COMPLETED,2026-07-16 20:54:07,,2026-07-27 15:45:06,,,6,2026-07-27 15:45:06,2026-08-04 15:03:32,,
101,AI ChatBot implemetation,Feature,High,Pending,BACKLOG,2026-07-16 20:59:42,,,,,0,,,AI chatbot backend exists at cf-chatbot.hiraya.digital; floating widget currently hidden in theme; no comments on this task,
102,Rebate Interface,Feature,Medium,Pending,BACKLOG,2026-07-16 21:49:06,,,,,0,,,New feature request; no expected_behavior or spec; no prior discussion in tracker,"Can we design an interface/workflow for Rebate? Below collection include products eligible for rebates. Basic logic is when any product is added in the Shopify Invoice, we get reminded that product is"
103,Klaviyo Marketing Strategy,Feature,Low,Pending,WAITING_FOR_CLIENT,2026-07-16 22:16:45,,,,,0,,,"Task is explicitly ""a reminder to present us the Klaviyo strategy you mentioned""; Klaviyo is not yet integrated in Shopify",This task is only a reminder to present us the Klaviyo strategy you mentioned in the meeting. Need to see improvements
104,Contact Us button in SPP,Bug,High,Completed,COMPLETED,2026-07-24 16:33:58,2026-07-27 15:01:12,2026-07-28 17:58:47,,,5,2026-07-27 15:01:12,2026-07-27 19:05:44,,
105,Add more Use Case industry pages. (refer to Task #95 for template detail),Feature,Medium,Completed,COMPLETED,2026-07-27 18:49:36,,2026-08-06 17:52:05,,,2,2026-08-04 16:01:02,2026-08-04 23:14:04,,"Apply cf-industry-hub template to all industry use-case pages listed on the homepage, modeled on the Grocery Store page Jielin built.  COMPLETED (2026-08-04): • Pizza Restaurants (/pages/cf-pizza-rest"
106,Outbound customer notifications: Out for delivery,Feature,Low,Pending,BACKLOG,2026-07-28 22:56:30,,,,,0,,,Low priority; email template improvements documented; no implementation started,"Please check the forwarded preview email of Out for delivery template.  Changes we want: 1. Fix the issue of broken CFI logo 2. Don't use emoji 3. Move up ""SHIPPING TO"" section in new template up befo"
107,Outbound customer notifications: Order Delivered,Feature,Low,Pending,BACKLOG,2026-07-28 23:00:44,,,,,0,,,Low priority; email template improvements documented; no implementation started,"Please check the forwarded preview email of Order Delivered template.  Changes we want:  1. Fix the issue of broken CFI logo 2. Don't use emoji 3. Add ""SHIPPING TO"" section in new template up before i"
108,Brands Page — hardcode A-Z grid for instant load,Feature,Medium,Completed,COMPLETED,2026-08-04 17:06:46,,2026-08-06 17:50:22,,,1,2026-08-04 17:06:46,2026-08-04 17:06:46,,The All Brands A-Z grid was loading slowly because JavaScript was paginating through /products.json on every cache miss (fetching 250 products per call across multiple pages) to collect vendor names b
109,L2 Mega collections for all L2 category pages,Bug,Medium,Pending,ACTIVE_PRIORITY,2026-08-04 22:59:17,,,,,0,,,Architecture fully designed and approved 2026-08-11 (SESSION-HANDOVER.md); Storefront API POC confirmed; code not yet written,"As per dicussed, switch current L2 categories to Mega collections. Check doc for corresponding L2 Mega Collection names.  https://docs.google.com/spreadsheets/d/19WAAJIaE4FtQTUkML5om_n0B4jKMXDucmI_pI9"
