template_id,name,created_date,updated_date,note
TjTPHM,SERVEWARE,2024-04-24,2024-11-19,
WpUEKy,REFRIGERATION,2024-04-30,2025-05-30,
RrzDTs,Most Selling Item,2024-05-06,2025-04-11,
VZYcqz,BURNERS & FRYER,2024-05-16,2025-06-16,
UeaLW4,REFRIGERATION 2,2024-06-04,2025-07-10,
RWT35v,Dive into Celebrate Festival Amazing Offers!,2024-06-13,2024-06-18,
VgaL9w,2024-06-21 18:32 Untitled email template,2024-06-21,2024-07-19,Untitled/unnamed
Wix8km,RG-REFRIGERATION-Jul 1 2024,2024-07-01,2025-04-30,
Yrz4Et,2024-07-23 16:04 Untitled email template,2024-07-23,2025-06-12,Untitled/unnamed
TjpYVH,Food Prepration 30 SEP 2024,2024-09-30,2025-07-14,
XUbyMi,Combi Oven 30 SEP 2024,2024-09-30,2025-05-06,
SsE63V,Chinese Wok 30 SEP 2024,2024-10-01,2024-11-09,
VQ68i2,2024-12-23 19:42 Untitled email template,2024-12-24,2025-01-02,Untitled/unnamed
UFta6m,2025-03-25 18:07 Untitled email template,2025-03-25,2025-03-25,Untitled/unnamed
VRyFtj,2025-04-30 12:51 Untitled email template,2025-04-30,2025-04-30,Untitled/unnamed
VfU8k9,2025-04-30 15:09 Untitled email template,2025-04-30,2025-04-30,Untitled/unnamed
X2QLzq,2025-05-06 17:09 Untitled email template,2025-05-06,2025-05-06,Untitled/unnamed
VzJ2Gx,2025-05-15 16:14 Untitled email template,2025-05-15,2025-05-15,Untitled/unnamed
RbdCuS,2025-06-16 12:53 Untitled email template,2025-06-16,2025-06-16,Untitled/unnamed
Y76gQG,2025-07-02 18:46 Untitled email template,2025-07-02,2025-07-02,Untitled/unnamed
SZidpV,Email Subject,2025-07-11,2025-07-11,
SJpfDm,Refrigeration Solutions 09-02-2025,2025-07-17,2025-09-02,
ShARMb,Combi Ovens 09-02-2025 ,2025-07-24,2025-09-02,
U2MdHf,Refrigeration Solutions 09-02-2025,2025-07-28,2025-09-02,
UAvUyA,Cooking Equipment 09-02-2025 ,2025-08-22,2025-09-02,
XziWRR,Food Preperation Equipment 09-02-2025 ,2025-09-02,2025-09-02,
XRigmG,Pizza Equipment ,2025-09-04,2025-09-04,
XgsAys,Complete Restaurant Equipment Solutions,2025-09-11,2025-09-11,
Uph3xg,Rapid Service Restaurant Equipment Solutions,2025-09-18,2025-09-18,
XRKCH9,High-Volume Production Kitchen Equipment Solutions,2025-10-07,2025-10-08,
TXQRV8,Complete Restaurant Kitchen Equipment Solutions,2025-10-09,2025-10-10,
RFx4JV,2025-10-20 16:52 Untitled email template,2025-10-20,2025-10-21,Untitled/unnamed
Rj6HFy,2025-11-07 Professional Cooking Equipment,2025-11-03,2025-11-07,
W5NYaY,2025-11-14 Equip for Every Season,2025-11-14,2025-11-14,
Rr9zkj,2025-11-25 14:05 Untitled email template,2025-11-25,2025-11-25,Untitled/unnamed
TePNYy,2025-11-26 15:07 Untitled email template,2025-11-26,2025-11-26,Untitled/unnamed
VURXv9,2025-12-18 09:19 Untitled email template,2025-12-18,2025-12-18,Untitled/unnamed
TiWkJc,2025-12-24 Christmas,2025-12-24,2025-12-24,
UKTVid,2026-01-06 12:20 Untitled email template,2026-01-06,2026-01-07,Untitled/unnamed
WfePeP,2026-02-10 11:48 Untitled email template,2026-02-10,2026-02-10,Untitled/unnamed
RTqbb9,RG : to help convert regular customer to become premium customer 2026-02-20 06:17 Untitled email template,2026-02-20,2026-02-27,Untitled/unnamed
UX2qPD,2026-03-03 13:11 Untitled email template,2026-03-03,2026-03-03,Untitled/unnamed
W6Z37w,2026-03-09 16:34 Untitled email template,2026-03-09,2026-03-09,Untitled/unnamed
UqR8re,2026-03-12 09:40 Untitled email template,2026-03-12,2026-03-13,Untitled/unnamed
TUBJQL,2026-03-16 14:08 Untitled email template,2026-03-16,2026-03-16,Untitled/unnamed
UTamrX,2026-03-18 11:05 draft original (not use),2026-03-18,2026-03-23,
UbPa4y,2026-03-23 09:53 Untitled email template,2026-03-23,2026-03-23,Untitled/unnamed
WdEiyj,2026-03-23 09:56 One-Stop Partner Poster,2026-03-23,2026-03-24,
XpkXy4,2026-03-30 14:05 Untitled email template,2026-03-30,2026-04-02,Untitled/unnamed
SQHSvs,2026-03-30 14:07 Untitled email template,2026-03-30,2026-04-02,Untitled/unnamed
SqdVF6,2026-04-06 11:10 Untitled email template,2026-04-06,2026-04-07,Untitled/unnamed
Rvi7RL,2026-04-06 11:12 Untitled email template,2026-04-06,2026-04-09,Untitled/unnamed
TnySZd,2026-04-13 14:46 Untitled email template,2026-04-13,2026-04-13,Untitled/unnamed
VZc2Nh,2026-04-16 11:49 Untitled email template,2026-04-16,2026-04-17,Untitled/unnamed
XewNXp,2026-04-23 10:43 Untitled email template,2026-04-20,2026-04-23,Untitled/unnamed
T4KPDX,01.May.Emailer_1,2026-04-24,2026-08-05,
VPUhfm,2026-04-24 10:44 Untitled email template,2026-04-24,2026-04-30,Untitled/unnamed
UR3wu5,07.May.Emailer_3,2026-05-07,2026-08-05,
XQ4YUB,02.May.Emailer_2,2026-05-07,2026-08-05,
Taci25,12.May.Emailer_4,2026-05-11,2026-08-05,
R4cDbh,12.May.Emailer_5,2026-05-11,2026-08-05,
W7ziQy,15.May.Emailer_6,2026-05-15,2026-08-05,
XvJG2a,19.May.Emailer_7,2026-05-18,2026-08-05,
X7bEjy,19.May.Emailer_8,2026-05-18,2026-08-05,
S5ffNn,19.May.Emailer_9,2026-05-26,2026-08-05,
TGZSEr,19.May.Emailer_10,2026-05-26,2026-08-05,
Tm23iw,05.Jun.Emailer_1.ready for review,2026-06-04,2026-08-05,
TemLNB,05.Jun.Emailer_2.ready for review,2026-06-04,2026-08-06,
Y3uBiz,10.July.Emailer_3.ready for review,2026-06-12,2026-08-07,
UUYCfN,12.Jun.Emailer_4.ready for review,2026-06-12,2026-08-06,
WpuUgk,16.Jun.Emailer_5,2026-06-16,2026-08-06,
Yg5y5j,16.Jun.Emailer_6.ready for review,2026-06-16,2026-08-06,
U5hDGi,22.Jun.Emailer_7,2026-06-22,2026-08-06,
UHvcpD,22.Jun.Emailer_8.ready for review,2026-06-22,2026-08-06,
UvtLqg,29.Jun.Emailer_9.ready for review,2026-06-29,2026-08-06,
Rfv2MM,29.Jun.Emailer_10.ready for review,2026-06-29,2026-08-06,
UfDPDj,08.July.Emailer_1.ready for review,2026-07-13,2026-08-07,
Rm2Bud,08.July.Emailer_2.ready for review,2026-07-13,2026-08-07,
XNZ6cw,13.July.Emailer_4.ready for review,2026-07-13,2026-08-07,
XayhtJ,13.Jun.Emailer_3,2026-07-13,2026-08-06,
RaQ7Cx,20.July.Emailer_5.ready for review,2026-07-25,2026-08-07,
YtMacJ,20.July.Emailer_6.ready for review,2026-07-25,2026-08-07,
RyMjfB,27.July.Emailer_7.testing,2026-07-28,2026-08-07,
VuKmGv,27.July.Emailer_8.testing,2026-07-28,2026-08-07,
V9LWwA,5.Aug.Emailer_2.testing,2026-08-05,2026-08-07,
ULMEH2,5.Aug.Emailer_1.testing,2026-08-05,2026-08-07,
W8tynM,11.Aug.Emailer_3.ready_to_review,2026-08-10,2026-08-10,
UQqsZ2,11.Aug.Emailer_6.ready_to_review,2026-08-10,2026-08-12,
Y7ksEL,11.Aug.Emailer_4.ready_to_review,2026-08-10,2026-08-10,
TBV7NS,11.Aug.Emailer_5.ready_to_review,2026-08-10,2026-08-10,
